Model,Anomaly Rate (%),Precision,Recall,F1-Score,ROC-AUC,Silhouette,Severe (%)
Isolation Forest,14.327772325809619,0.9726027397260274,0.9281045751633987,0.9498327759197325,0.9981811046204471,0.734085361001667,1.1776251226692835
Autoencoder,32.580961727183514,0.39759036144578314,0.8627450980392157,0.5443298969072164,0.9121798064876451,0.5817708087404062,10.40235525024534
LSTM Autoencoder,85.14851485148515,0.16046511627906976,0.9078947368421053,0.2727272727272727,0.6150702367807631,0.17176370905182814,62.37623762376238
